Municipality (English),Drafted Arabic,District,District (Arabic),Correct Arabic (to fill)
Aalman and Mzaira at Al-Barghoutiyya,علمان ومزيرعة البرغوتية,Chouf,الشوف,
Adah,عده,Batroun,البترون,
Ahmouch,أحموش,Jbeil,جبيل,
Ainab (Chouf),عيناب (الشوف),Chouf,الشوف,
Ainout,عانوت,Chouf,الشوف,
Aitryoun,عترين,Chouf,الشوف,
Al Aamair w Rajm Issa,العماير ورجم عيسى,Akkar,عكار,
Al Ansar,الأنصار,Baalbek,بعلبك,
Al Farid,الفريد,Akkar,عكار,
Al Ghabbah,الغابة,Matn,المتن,
Al Hasin,الحصين,Keserwan,كسروان,
Al Kholouniyeh,الخلونية,Chouf,الشوف,
Al Matallah,المطلة,Chouf,الشوف,
Al Ram and Al Jubayniyah,الرام والجبينية,Baalbek,بعلبك,
Al Tireh,الطيري,Bint Jbeil,بنت جبيل,
Al-Azra,العذرا,Keserwan,كسروان,
Al-Hazmiyeh,الحازمية,Minieh-Danniyeh,المنية - الضنية,
Al-Kafr (Hasbaya),الكفير (حاصبيا),Hasbaya,حاصبيا,
Al-Kafr (Marjayoun),الكفير (مرجعيون),Marjayoun,مرجعيون,
Al-Maqeeta,المقيتة,Akkar,عكار,
Al-Muruj,المروج,West Bekaa,البقاع الغربي,
Alkanisa,الكنيسة,Tyre,صور,
Alzahira,الضهيرة,Tyre,صور,
Arbaat Qazhya,عربة قزحيا,Zgharta,زغرتا,
As Sulah,الصولة,Akkar,عكار,
Ayal,عيال,Zgharta,زغرتا,
Az-Zuweiriyah,الزعرورية,Chouf,الشوف,
Bahneen Al-Rihanah-Artoosa Farm,بحنين الريحانية - مزرعة عرطوسة,Minieh-Danniyeh,المنية - الضنية,
"Bhoueita, Afka, and Bshnata",بحويتا وعفقا وبشناتا,Minieh-Danniyeh,المنية - الضنية,
Bir Al Ayoan,بير العيون,Bcharre,بشري,
Bkaatouta Achqout,بقعتوتة عشقوت,Keserwan,كسروان,
Bkaatouta Kenane,بقعتوتة كنعان,Keserwan,كسروان,
Boudai and Al Alaqa,بوداي والعلاق,Baalbek,بعلبك,
Bourjein & Mrayjet,برجين والمريجات,Chouf,الشوف,
Bqosta,بقسطا,Batroun,البترون,
Bsallim - Mazraa - Al Majdoub,بصاليم - المزرعة - المجذوب,Matn,المتن,
Deir Al-Ashayer,دير العشاير,Rashaya,راشيا,
Dusa and Baghdad,دوسة وبغداد,Akkar,عكار,
Ezza,عزة,Nabatieh,النبطية,
"Fassikin, Ain Ashma and Ain Tenta",فسيقين وعين أشما وعين تنتا,Akkar,عكار,
Flawi,فلاوى,Baalbek,بعلبك,
Halabat,حلبتا,Baalbek,بعلبك,
Halawa,حلوى,Rashaya,راشيا,
Hasbaya (Baabda),حاصبيا (بعبدا),Baabda,بعبدا,
Jaba'a,جبعا,Baalbek,بعلبك,
Kafr Mashki - Mazraat Salsata,كفرمشكي - مزرعة سلسة,Rashaya,راشيا,
Kfaraarabi,كفور العربي,Batroun,البترون,
Kfarchi,كفرحي,Batroun,البترون,
Maaloula and Taanayel,المعلقة وتعنايل,Zahle,زحلة,
Majdal,المجيدل,Jezzine,جزين,
Majdal Bani Fadel,مجدل بني فاضل,Rashaya,راشيا,
Marieh wa Majideyah,الماري والمجيدية,Hasbaya,حاصبيا,
Mleih,مليخ,Jezzine,جزين,
Mudawwara,المدورة,Rashaya,راشيا,
Nabiheet,نابيه,Matn,المتن,
Namreen and Bkoza,نمرين وبقوزا,Minieh-Danniyeh,المنية - الضنية,
Qaleela and Harfoush,قليلة وحرفوش,Baalbek,بعلبك,
Qarah,قرحا,Baalbek,بعلبك,
Qarawat Bani Hassan,قرعون بني حسن,West Bekaa,البقاع الغربي,
Qortada,قرطاضة,Baabda,بعبدا,
Qoubbet Chamra - Semqley,قبة شمرا - سمقلي,Akkar,عكار,
Rachin,رشين,Keserwan,كسروان,
Ras Kifa,راسكيفا,Zgharta,زغرتا,
Rimah,الرماح,Akkar,عكار,
Safarayya,صفاريه,Jezzine,جزين,
Sandiyaneh Raydan,سنديانة زيدان,Akkar,عكار,
Saniyyeh,سنيا,Jezzine,جزين,
Seen,سيناي,Nabatieh,النبطية,
Shennaya,شننعير,Keserwan,كسروان,
Smakiah,السمقانية,Chouf,الشوف,
Sultan Ya'qub almuahada,السلطان يعقوب الموحدة,West Bekaa,البقاع الغربي,
Talla Washataha,تلا والشطاحة,Akkar,عكار,
Tannoura,تنورة,Rashaya,راشيا,
Zawarib,الزواريب,Akkar,عكار,
